brand,key
3W Clinic,3wclinic
A'PIEU,apieu
ABIB,abib
ACWELL,acwell
AHC,ahc
Alternative Stereo,alternativestereo
Ample:N,amplen
ANJO,anjo
Anua,anua
ATOPALM,atopalm
AXIS-Y,axisy
Azarine,azarine
Banila Co,banilaco
BARULAB,barulab
BB LAB,bblab
Beauty of Joseon,beautyofjoseon
beplain,beplain
Belif,belif
Benton,benton
BIODANCE,biodance
B-LAB,blab
Care:Nel,carenel
Cetaphil,cetaphil
CNP Laboratory,cnplaboratory
Code GloKolor,codeglokolor
COSRX,cosrx
Daughters of Malaya,daughtersofmalaya
DearMay,dearmay
Derma:B,dermab
Dinto,dinto
Dr. Althea,dralthea
Dr. Ceuracle,drceuracle
Dr. Jart+,drjart
Dr.G,drg
EAMAS Professionnel,eamasprofessionnel
Eqqualberry,eqqualberry
Espoir,espoir
Etude,etude
Fation,fation
FOCALLURE,focallure
Frankly,frankly
Frudia,frudia
Fwee,fwee
Goodal,goodal
Grafen,grafen
Haruharu Wonder,haruharuwonder
Heimish,heimish
HEALEZ,healez
HEVEBLUE,heveblue
House of Hur,houseofhur
Hue_Calm,huecalm
Illiyoon,illiyoon
IM UNNY,imunny
I'm From,imfrom
Innisfree,innisfree
IRENEDA,ireneda
Isntree,isntree
iUNIK,iunik
JLP Manier,jlpmanier
JMELLA,jmella
JMsolution,jmsolution
Jumiso,jumiso
K-SECRET,ksecret
Kaja,kaja
Kaine,kaine
Kayman Beauty,kaymanbeauty
KEYTH,keyth
Klairs,klairs
LAMELIN,lamelin
Laneige,laneige
LINDSAY,lindsay
LilyBell,lilybell
LUNA,luna
Mamonde,mamonde
Mary & May,marymay
Medicube,medicube
Medi-Peel,medipeel
Melixir,melixir
Menokin,menokin
Mise En Scène,miseenscne
Missha,missha
NAMING,naming
NARD,nard
Naturie,naturie
NEEDLY,needly
Numbuzin,numbuzin
OPERA,opera
ORBIS,orbis
Paula's Choice,paulaschoice
PETITFEE,petitfee
PINKFLASH,pinkflash
PRAMY,pramy
Purcell,purcell
Purito Seoul,puritoseoul
Pyunkang Yul,pyunkangyul
Returnity,returnity
rom&nd,romnd
ROUND LAB,roundlab
Rovectin,rovectin
Ruruberry,ruruberry
RYO,ryo
Secret Key,secretkey
SeohaeSol,seohaesol
ShaiShaiShai,shaishaishai
SKINFOOD,skinfood
SKIN1004,skin1004
SOME BY MI,somebymi
SNP,snp
Studio17,studio17
Tatagaltier,tatagaltier
The Face Shop,thefaceshop
The Ordinary,theordinary
THE RAW.,theraw
The SAEM,thesaem
TIA'M,tiam
TIRTIR,tirtir
TOCOBO,tocobo
TONYMOLY,tonymoly
Total Image,totalimage
Torriden,torriden
Unichi,unichi
Unleashia,unleashia
VT COSMETICS,vtcosmetics
W.DRESSROOM,wdressroom
Y.O.U Beauty,youbeauty
YELLO,yello
YOLU,yolu
ZARZOU,zarzou
ZigTag,zigtag
Mizon,mizon
Nature Republic,naturerepublic
One Thing,onething
W Skin Laboratory,wskinlaboratory
Itfer,itfer
PLYN,plyn
QXQY,qxqy
IPPUNI,ippuni
FOODAHOLIC,foodaholic
SPLOO,sploo
SEOUL 4PM,seoul4pm
JOY.RIA,joyria
The 1001 Senses,the1001senses
Mixsoon,mixsoon
Galaxy Colors,galaxycolors
JOYRUQO,joyruqo
BOY & CO,boyco
NEEDS,needs
REVERIE,reverie
YM BABY,ymbaby
FULLY,fully
Ora2,ora2
Rosette,rosette
Retro Nails,retronails
Bandai Namco,bandainamco
Median,median
HyaaH,hyaah
NAAP,naap
Rareblee,rareblee
SEAPURI,seapuri
IZEZE,izeze
TFIT,tfit
So Natural,sonatural
Orien,orien
VT,vt
Oddtype,oddtype
Glint,glint
Delphyr,delphyr
KOPHER,kopher
ILSO,ilso
OOTD,ootd
Nonoer,nonoer
Beyond,beyond
Blessed Moon,blessedmoon
Viegano,viegano
Braye,braye
UNOVE,unove
Veganifect,veganifect
Bougas Beauty,bougasbeauty
Always be Pure,alwaysbepure
TO,to
mediheal,mediheal
Canmake,canmake
Sasi,sasi
Cute Press,cutepress
SKINTIFIC,skintific
4U2,4u2
Meilinda,meilinda
GRN+,grn
Kiss Me,kissme
Elite Care,elitecare
Odbo,odbo
Baby Bright,babybright
Benice,benice
MizuMi,mizumi
Nu Formula,nuformula
Koco,koco
Polly's Perfume,pollysperfume
Lip It,lipit
Gala Camille,galacamille
Grrrbeauty,grrrbeauty
Gravich,gravich
Srichand,srichand
Browit,browit
SKYNLAB,skynlab
Judydoll,judydoll
Wellage,wellage
JOOCYEE,joocyee
Rabu Rabu,raburabu
Love Potion,lovepotion
Papa Recipe,paparecipe
Med B,medb
Dermedy,dermedy
Kage,kage
CeraVe,cerave
Supershades,supershades
MLEN DIARY,mlendiary
Bybo,bybo
ViVa Organic,vivaorganic
Dasique,dasique
Curesys,curesys
MediAnswer,medianswer
Cher,cher
KIKI&CO,kikico
Barenbliss,barenbliss
Ashley,ashley
Colorgram,colorgram
S Nature,snature
LA GLACE,laglace
Numju,numju
Raip,raip
Gentle Colors,gentlecolors
SO GLAM,soglam
Peripera,peripera
Jovina,jovina
Odid,odid
beWilD,bewild
Cezanne,cezanne
Banobagi,banobagi
Physiogel,physiogel
Leaves Natural,leavesnatural
Parmayard,parmayard
Wakemake,wakemake
RAN COSMETIC,rancosmetic
Skinoxy,skinoxy
Terra Pafe,terrapafe
Alese,alese
SureFresh,surefresh
Dagoderma,dagoderma
Blanc Diva,blancdiva
Laka,laka
Mille,mille
Nario Llarias,nariollarias
Dejavu,dejavu
Pour La Peau,pourlapeau
Chubugah,chubugah
Mermaid Shift,mermaidshift
ACQUA Distillata Alle Rose,acquadistillataallerose
NATURISTA,naturista
PLANTNERY,plantnery
FRESHMENT,freshment
THE SKIN COLLECTION,theskincollection
VISTRA,vistra
KISAA,kisaa
AM HERB,amherb
MAYBELLINE NEW YORK,maybellinenewyork
MERCI,merci
LALIO,lalio
KA,ka
LUCIDO,lucido
SCHICK,schick
SHOKUBUTSU MONOGATARI,shokubutsumonogatari
LEADERS,leaders
AMARIT,amarit
TROPICANA,tropicana
TERESIA,teresia
FAITH IN FACE,faithinface
NEUTROGENA,neutrogena
Karisma,karisma
ROJUKISS,rojukiss
EVIAN,evian
INTIMI,intimi
HADABIREI,hadabirei
IN2IT,in2it
ZACT,zact
YOKO,yoko
KLEAN & KARE,kleankare
SYSTEMA,systema
XCUTEME,xcuteme
LOVELY LENS,lovelylens
WELCARE,welcare
L'ORÉAL PARIS,loralparis
DREAMEYE,dreameye
G-LUCKY,glucky
AIME,aime
CHATIER,chatier
CATHY DOLL,cathydoll
MENTHOLATUM,mentholatum
ACNE-AID,acneaid
PROVAMED,provamed
KINDNESS,kindness
NEO COSMO,neocosmo
CLEAR NOSE,clearnose
GARNIER,garnier
Hada Labo,hadalabo
MYU-MYU,myumyu
BORN TO BRA,borntobra
DENTISTE,dentiste
BIO-OIL,biooil
VIVIAN,vivian
CARING,caring
LISTERINE,listerine
BIODERMA,bioderma
TAOYEABLOK,taoyeablok
SMITH,smith
JOJI SECRET YOUNG,jojisecretyoung
NAREE,naree
DEAR BODY,dearbody
SILCOT,silcot
PANTENE,pantene
GREEN BIO,greenbio
GLUTAMAX,glutamax
DEOKLEAR,deoklear
SNOWGIRL,snowgirl
THE CHARMING GARDEN,thecharminggarden
YANHEE,yanhee
SUISAI,suisai
SMOOTH-E,smoothe
NIVEA,nivea
FEYRÈ,feyr
TOMEI,tomei
LA ROCHE-POSAY,larocheposay
IRIS OHYAMA,irisohyama
RII,rii
SCHWARZKOPF,schwarzkopf
MEGRHYTHM,megrhythm
CHAONANG,chaonang
SENKA,senka
DE LEAF THANAKA,deleafthanaka
PURICAS,puricas
KATE TOKYO,katetokyo
JABS,jabs
JOHNSON pH 5.5,johnsonph55
REVLON,revlon
SMOOTO,smooto
OXE'CURE,oxecure
VASELINE,vaseline
THE ORIGINAL,theoriginal
ELLIPS,ellips
MONT FLEUR,montfleur
BIO NATUREL,bionaturel
Biore,biore
Eucerin,eucerin
2P original,2poriginal
APLB,aplb
ARENCIA,arencia
ARIUL,ariul
BRING GREEN,bringgreen
CELIMAX,celimax
CLIO,clio
COLORGRAM,colorgram
D'ALBA,dalba
DASHING DIVA,dashingdiva
DR. FOR HAIR,drforhair
DR. REJU-ALL,drrejuall
HANSKIN,hanskin
I'M MEME,immeme
JUDYDOLL,judydoll
KLAVUU,klavuu
LADOR,lador
LEMONA,lemona
MANYO,manyo
MUZIGAE MANSION,muzigaemansion
O HUI,ohui
RE:P,rep
SKINEVER,skinever
STYLE KOREAN,stylekorean
SU:M37,sum37
THE HISTORY OF WHOO,thehistoryofwhoo
W SKIN LABORATORY,wskinlaboratory